-- phpMyAdmin SQL Dump
-- version 5.1.1
-- https://www.phpmyadmin.net/
--
-- Host: 127.0.0.1
-- Generation Time: Sep 22, 2022 at 07:57 AM
-- Server version: 10.4.22-MariaDB
-- PHP Version: 7.4.27

SET SQL_MODE = "NO_AUTO_VALUE_ON_ZERO";
START TRANSACTION;
SET time_zone = "+00:00";


/*!40101 SET @OLD_CHARACTER_SET_CLIENT=@@CHARACTER_SET_CLIENT */;
/*!40101 SET @OLD_CHARACTER_SET_RESULTS=@@CHARACTER_SET_RESULTS */;
/*!40101 SET @OLD_COLLATION_CONNECTION=@@COLLATION_CONNECTION */;
/*!40101 SET NAMES utf8mb4 */;

--
-- Database: `db_galih2`
--

-- --------------------------------------------------------

--
-- Table structure for table `dataabsen`
--

CREATE TABLE `dataabsen` (
  `idabsen` int(255) NOT NULL,
  `nik` varchar(12) NOT NULL,
  `nama` varchar(30) NOT NULL,
  `grub` varchar(20) NOT NULL,
  `absensi` int(11) NOT NULL
) ENGINE=InnoDB DEFAULT CHARSET=utf8mb4;

--
-- Dumping data for table `dataabsen`
--

INSERT INTO `dataabsen` (`idabsen`, `nik`, `nama`, `grub`, `absensi`) VALUES
(40, '220824142239', 'Andika', '4A', 1),
(41, '220824142406', 'Rechmand M', '4B', 1),
(42, '220724142642', 'mella', '4C', 1),
(43, '220724142746', 'Rendy', '4D', 1),
(44, '220724142926', 'Darusman', '4A', 1),
(45, '220724143008', 'Dera', '4B', 1),
(46, '220724143039', 'Bianka', '4C', 1),
(47, '220724143104', 'Juan', '4D', 1),
(48, '220724143228', 'Jika', '4A', 1),
(50, '220724143338', 'Reman', '4C', 1),
(51, '220724143449', 'Surya', '4D', 1),
(53, '220724145750', 'Dendi', '4B', 1),
(55, '220917092807', 'Andika Pratama', '4B', 1);

-- --------------------------------------------------------

--
-- Table structure for table `dataabsenbulanan`
--

CREATE TABLE `dataabsenbulanan` (
  `userku` int(11) NOT NULL,
  `username` varchar(20) NOT NULL,
  `bulan` varchar(11) NOT NULL,
  `tahun` int(11) NOT NULL,
  `tg01` varchar(11) NOT NULL,
  `tg02` varchar(11) NOT NULL,
  `tg03` varchar(11) NOT NULL,
  `tg04` varchar(11) NOT NULL,
  `tg05` varchar(11) NOT NULL,
  `tg06` varchar(11) NOT NULL,
  `tg07` varchar(11) NOT NULL,
  `tg08` varchar(11) NOT NULL,
  `tg09` varchar(11) NOT NULL,
  `tg10` varchar(11) NOT NULL,
  `tg11` varchar(11) NOT NULL,
  `tg12` varchar(11) NOT NULL,
  `tg13` varchar(11) NOT NULL,
  `tg14` varchar(11) NOT NULL,
  `tg15` varchar(11) NOT NULL,
  `tg16` varchar(11) NOT NULL,
  `tg17` varchar(11) NOT NULL,
  `tg18` varchar(11) NOT NULL,
  `tg19` varchar(11) NOT NULL,
  `tg20` varchar(11) NOT NULL,
  `tg21` varchar(11) NOT NULL,
  `tg22` varchar(11) NOT NULL,
  `tg23` varchar(11) NOT NULL,
  `tg24` varchar(11) NOT NULL,
  `tg25` varchar(11) NOT NULL,
  `tg26` varchar(11) NOT NULL,
  `tg27` varchar(11) NOT NULL,
  `tg28` varchar(11) NOT NULL,
  `tg29` varchar(11) NOT NULL,
  `tg30` varchar(11) NOT NULL,
  `tg31` varchar(11) NOT NULL
) ENGINE=InnoDB DEFAULT CHARSET=utf8mb4;

--
-- Dumping data for table `dataabsenbulanan`
--

INSERT INTO `dataabsenbulanan` (`userku`, `username`, `bulan`, `tahun`, `tg01`, `tg02`, `tg03`, `tg04`, `tg05`, `tg06`, `tg07`, `tg08`, `tg09`, `tg10`, `tg11`, `tg12`, `tg13`, `tg14`, `tg15`, `tg16`, `tg17`, `tg18`, `tg19`, `tg20`, `tg21`, `tg22`, `tg23`, `tg24`, `tg25`, `tg26`, `tg27`, `tg28`, `tg29`, `tg30`, `tg31`) VALUES
(1, '220724143338', '07', 2022, '', '', '', '', '', '', '', '', '', '', '', '', '', '', '', '', '', '', '', '', '', '', '', '', '1', '1', '1', '1', '1', '1', '1'),
(2, '220724142746', '07', 2022, '', '', '', '', '', '', '', '', '', '', '', '', '', '', '', '', '', '', '', '', '', '', '', '1', '1', '1', '0', '1', '1', '1', ''),
(3, '220724143104', '07', 2022, '', '', '', '', '', '', '', '', '', '', '', '', '', '', '', '', '', '', '', '', '', '', '', '1', '1', '1', '1', '1', '1', '1', ''),
(4, '220724143008', '07', 2022, '', '', '', '', '', '', '', '', '', '', '', '', '', '', '', '', '', '', '', '', '', '', '', '', '1', '1', '1', '1', '1', '1', '1'),
(5, '220724143039', '07', 2022, '', '', '', '', '', '', '', '', '', '', '', '', '', '', '', '', '', '', '', '', '', '', '', '', '1', '1', '1', '1', '1', '1', ''),
(6, '220724142926', '07', 2022, '', '', '', '', '', '', '', '', '', '', '', '', '', '', '', '', '', '', '', '', '', '', '', '1', '1', '1', '1', '1', '1', '1', ''),
(7, '220724143228', '07', 2022, '', '', '', '', '', '', '', '', '', '', '', '', '', '', '', '', '', '', '', '', '', '', '', '', '1', '1', '1', '1', '1', '1', ''),
(8, '220724142642', '07', 2022, '', '', '', '', '', '', '', '', '', '', '', '', '', '', '', '', '', '', '', '', '', '', '', '', '1', '1', '1', '1', '1', '1', '1'),
(9, '220724143449', '07', 2022, '', '', '', '', '', '', '', '', '', '', '', '', '', '', '', '', '', '', '', '', '', '', '', '1', '1', '1', '1', '0', '1', '1', ''),
(10, '220724145750', '07', 2022, '', '', '', '', '', '', '', '', '', '', '', '', '', '', '', '', '', '', '', '', '', '', '', '', '1', '1', '1', '1', '1', '0', '1'),
(11, '220724145750', '07', 2022, '', '', '', '', '', '', '', '', '', '', '', '', '', '', '', '', '', '', '', '', '', '', '', '', '1', '1', '1', '1', '1', '0', '1'),
(12, '220824142406', '07', 2022, '', '', '', '', '', '', '', '', '', '', '', '', '', '', '', '', '', '', '', '', '', '', '', '1', '1', '1', '1', '1', '1', '1', ''),
(13, '220824142406', '08', 2022, '1', '1', '1', '1', '1', '0', '1', '0', '1', '1', '1', '1', '1', '', '1', '1', '', '1', '1', '1', '1', '1', '1', '1', '1', '1', '0', '1', '', '', ''),
(14, '220824142239', '08', 2022, '1', '1', '1', '1', '1', '1', '1', '1', '1', '1', '1', '1', '1', '', '1', '1', '', '1', '1', '1', '1', '1', '1', '1', '0', '1', '1', '1', '', '', ''),
(15, '220724145750', '08', 2022, '1', '1', '1', '1', '1', '1', '', '1', '1', '1', '1', '1', '1', '', '1', '1', '1', '1', '1', '0', '', '1', '1', '1', '1', '1', '1', '1', '', '', ''),
(16, '220724143449', '08', 2022, '1', '0', '1', '1', '1', '1', '', '1', '1', '1', '1', '1', '1', '1', '1', '1', '', '1', '1', '1', '', '1', '1', '1', '1', '1', '0', '', '', '', ''),
(17, '220724143338', '08', 2022, '1', '1', '1', '1', '1', '1', '', '1', '1', '1', '1', '0', '1', '', '1', '1', '1', '1', '1', '1', '', '1', '1', '1', '1', '1', '1', '1', '', '', ''),
(18, '220724143228', '08', 2022, '1', '1', '1', '1', '1', '1', '', '1', '1', '1', '1', '1', '1', '1', '1', '1', '', '1', '1', '1', '', '1', '1', '0', '1', '1', '1', '', '', '', ''),
(19, '220724143104', '08', 2022, '1', '1', '1', '1', '1', '1', '', '1', '1', '1', '1', '1', '1', '1', '1', '0', '', '1', '1', '1', '', '1', '1', '1', '1', '1', '1', '', '', '', ''),
(20, '220724143039', '08', 2022, '1', '1', '1', '1', '1', '1', '', '1', '1', '1', '1', '1', '1', '', '1', '1', '1', '1', '0', '1', '1', '1', '1', '1', '1', '1', '1', '1', '', '', ''),
(21, '220724143008', '08', 2022, '1', '1', '1', '1', '0', '1', '1', '1', '1', '1', '1', '1', '1', '', '1', '1', '', '1', '1', '1', '1', '1', '1', '1', '1', '1', '1', '', '', '', ''),
(22, '220724142926', '08', 2022, '1', '1', '1', '1', '1', '1', '', '1', '1', '1', '0', '1', '1', '1', '1', '1', '', '1', '1', '1', '', '1', '1', '1', '1', '1', '1', '', '', '', ''),
(23, '220724142746', '08', 2022, '1', '1', '1', '1', '0', '1', '1', '1', '1', '1', '1', '1', '1', '', '1', '1', '', '1', '1', '1', '', '1', '1', '1', '1', '1', '1', '', '', '', ''),
(24, '220724142642', '08', 2022, '1', '1', '1', '1', '1', '1', '', '1', '1', '1', '1', '1', '1', '', '1', '1', '1', '1', '1', '1', '', '1', '1', '1', '1', '1', '1', '', '', '', ''),
(25, '220824142406', '09', 2022, '', '', '', '', '', '', '', '', '', '', '', '', '', '', '', '', '1', '', '', '', '', '', '', '', '', '', '', '', '', '', ''),
(26, '220824142239', '09', 2022, '', '', '', '', '', '', '', '', '', '', '', '', '', '', '', '', '1', '', '', '', '', '', '', '', '', '', '', '', '', '', ''),
(27, '220724145750', '09', 2022, '', '', '', '', '', '', '', '', '', '', '', '', '', '', '', '', '1', '', '', '', '', '', '', '', '', '', '', '', '', '', ''),
(28, '220724143449', '09', 2022, '', '', '', '', '', '', '', '', '', '', '', '', '', '', '', '', '1', '', '', '', '', '', '', '', '', '', '', '', '', '', ''),
(29, '220724143338', '09', 2022, '', '', '', '', '', '', '', '', '', '', '', '', '', '', '', '', '1', '', '', '', '', '', '', '', '', '', '', '', '', '', ''),
(30, '220724143228', '09', 2022, '', '', '', '', '', '', '', '', '', '', '', '', '', '', '', '', '1', '', '', '', '', '', '', '', '', '', '', '', '', '', ''),
(31, '220724143104', '09', 2022, '', '', '', '', '', '', '', '', '', '', '', '', '', '', '', '', '1', '', '', '', '', '', '', '', '', '', '', '', '', '', ''),
(32, '220724143039', '09', 2022, '', '', '', '', '', '', '', '', '', '', '', '', '', '', '', '', '1', '', '', '', '', '', '', '', '', '', '', '', '', '', ''),
(33, '220724143008', '09', 2022, '', '', '', '', '', '', '', '', '', '', '', '', '', '', '', '', '1', '', '', '', '', '', '', '', '', '', '', '', '', '', ''),
(34, '220724142926', '09', 2022, '', '', '', '', '', '', '', '', '', '', '', '', '', '', '', '', '1', '', '', '', '', '', '', '', '', '', '', '', '', '', ''),
(35, '220724142746', '09', 2022, '', '', '', '', '', '', '', '', '', '', '', '', '', '', '', '', '1', '', '', '', '', '', '', '', '', '', '', '', '', '', ''),
(36, '220724142642', '09', 2022, '', '', '', '', '', '', '', '', '', '', '', '', '', '', '', '', '1', '', '', '', '', '', '', '', '', '', '', '', '', '', '');

-- --------------------------------------------------------

--
-- Table structure for table `datalembur`
--

CREATE TABLE `datalembur` (
  `idlem` varchar(22) NOT NULL,
  `iddl` int(255) NOT NULL,
  `nik` varchar(12) NOT NULL,
  `nama` varchar(20) NOT NULL,
  `tgl` date NOT NULL,
  `naktuald` int(11) NOT NULL,
  `haktuald` int(11) NOT NULL
) ENGINE=InnoDB DEFAULT CHARSET=utf8mb4;

--
-- Dumping data for table `datalembur`
--

INSERT INTO `datalembur` (`idlem`, `iddl`, `nik`, `nama`, `tgl`, `naktuald`, `haktuald`) VALUES
('220824142406072022', 133, '220824142406', 'B', '2022-07-24', 0, 7),
('220724142926072022', 134, '220724142926', 'A', '2022-07-24', 0, 7),
('220724143449072022', 135, '220724143449', 'D', '2022-07-24', 0, 7),
('220724143104072022', 136, '220724143104', 'D', '2022-07-24', 0, 7),
('220724142746072022', 137, '220724142746', 'D', '2022-07-24', 0, 7),
('220724143008072022', 138, '220724143008', 'B', '2022-07-25', 2, 0),
('220724143228072022', 139, '220724143228', 'A', '2022-07-25', 2, 0),
('220724145750072022', 140, '220724145750', 'B', '2022-07-25', 3, 0),
('220724142642072022', 141, '220724142642', 'C', '2022-07-25', 2, 0),
('220824142239072022', 142, '220824142239', 'A', '2022-07-26', 2, 0),
('220724143104072022', 143, '220724143104', 'D', '2022-07-26', 2, 0),
('220724143039072022', 144, '220724143039', 'C', '2022-07-26', 2, 0),
('220724143449072022', 145, '220724143449', 'D', '2022-07-26', 3, 0),
('220724143338072022', 146, '220724143338', 'C', '2022-07-27', 3, 0),
('220724142926072022', 147, '220724142926', 'A', '2022-07-27', 2, 0),
('220724143008072022', 148, '220724143008', 'B', '2022-07-27', 3, 0),
('220824142406072022', 149, '220824142406', 'B', '2022-07-28', 2, 0),
('220724145750072022', 150, '220724145750', 'B', '2022-07-28', 2, 0),
('220824142239072022', 151, '220824142239', 'A', '2022-07-28', 2, 0),
('220724142746072022', 152, '220724142746', 'D', '2022-07-28', 2, 0),
('220724143228072022', 153, '220724143228', 'A', '2022-07-29', 2, 0),
('220724142642072022', 154, '220724142642', 'C', '2022-07-29', 2, 0),
('220724143338072022', 155, '220724143338', 'C', '2022-07-29', 2, 0),
('220724142926072022', 156, '220724142926', 'A', '2022-07-30', 2, 0),
('220724143039072022', 157, '220724143039', 'C', '2022-07-30', 2, 0),
('220724143104072022', 158, '220724143104', 'D', '2022-07-30', 2, 0),
('220724143338072022', 159, '220724143338', 'C', '2022-07-31', 0, 7),
('220724142642072022', 160, '220724142642', 'C', '2022-07-31', 0, 7),
('220724145750072022', 161, '220724145750', 'B', '2022-07-31', 0, 7),
('220824142239072022', 162, '220824142239', 'A', '2022-07-31', 0, 7),
('220724143008072022', 163, '220724143008', 'B', '2022-07-31', 0, 7),
('220724142926082022', 164, '220724142926', 'A', '2022-08-01', 2, 0),
('220724143008082022', 165, '220724143008', 'B', '2022-08-01', 2, 0),
('220724143104082022', 166, '220724143104', 'D', '2022-08-01', 2, 0),
('220724145750082022', 167, '220724145750', 'B', '2022-08-01', 2, 0),
('220724143338082022', 168, '220724143338', 'C', '2022-08-02', 2, 0),
('220724142746082022', 169, '220724142746', 'D', '2022-08-02', 2, 0),
('220724143228082022', 170, '220724143228', 'A', '2022-08-02', 2, 0),
('220824142239082022', 171, '220824142239', 'A', '2022-08-02', 2, 0),
('220724143449082022', 172, '220724143449', 'D', '2022-08-03', 2, 0),
('220824142406082022', 173, '220824142406', 'B', '2022-08-03', 2, 0),
('220724142642082022', 174, '220724142642', 'C', '2022-08-03', 2, 0),
('220724143039082022', 175, '220724143039', 'C', '2022-08-03', 2, 0),
('220724142746082022', 176, '220724142746', 'D', '2022-08-04', 2, 0),
('220724143008082022', 177, '220724143008', 'B', '2022-08-04', 2, 0),
('220724143228082022', 178, '220724143228', 'A', '2022-08-04', 2, 0),
('220724142926082022', 179, '220724142926', 'A', '2022-08-05', 2, 0),
('220724143104082022', 180, '220724143104', 'D', '2022-08-05', 2, 0),
('220824142406082022', 181, '220824142406', 'B', '2022-08-05', 2, 0),
('220724143449082022', 182, '220724143449', 'D', '2022-08-05', 2, 0),
('220724143008082022', 183, '220724143008', 'B', '2022-08-06', 2, 0),
('220724145750082022', 184, '220724145750', 'B', '2022-08-06', 2, 0),
('220724143104082022', 185, '220724143104', 'D', '2022-08-06', 2, 0),
('220724143039082022', 186, '220724143039', 'C', '2022-08-06', 2, 0),
('220724143008082022', 187, '220724143008', 'B', '2022-08-07', 0, 7),
('220824142406082022', 188, '220824142406', 'B', '2022-08-07', 0, 7),
('220724142746082022', 189, '220724142746', 'D', '2022-08-07', 0, 7),
('220824142239082022', 190, '220824142239', 'A', '2022-08-07', 0, 7),
('220724142746082022', 191, '220724142746', 'D', '2022-08-08', 2, 0),
('220724143039082022', 192, '220724143039', 'C', '2022-08-08', 2, 0),
('220724143104082022', 193, '220724143104', 'D', '2022-08-08', 2, 0),
('220724143449082022', 194, '220724143449', 'D', '2022-08-08', 2, 0),
('220824142406082022', 195, '220824142406', 'B', '2022-08-09', 2, 0),
('220724143449082022', 196, '220724143449', 'D', '2022-08-09', 2, 0),
('220824142239082022', 197, '220824142239', 'A', '2022-08-09', 2, 0),
('220724143008082022', 198, '220724143008', 'B', '2022-08-09', 2, 0),
('220724142926082022', 199, '220724142926', 'A', '2022-08-10', 2, 0),
('220724143228082022', 200, '220724143228', 'A', '2022-08-10', 2, 0),
('220724145750082022', 201, '220724145750', 'B', '2022-08-10', 2, 0),
('220724143039082022', 202, '220724143039', 'C', '2022-08-10', 2, 0),
('220724142746082022', 203, '220724142746', 'D', '2022-08-11', 2, 0),
('220724143338082022', 204, '220724143338', 'C', '2022-08-11', 2, 0),
('220824142239082022', 205, '220824142239', 'A', '2022-08-11', 2, 0),
('220724143449082022', 206, '220724143449', 'D', '2022-08-11', 2, 0),
('220724142642082022', 207, '220724142642', 'C', '2022-08-12', 2, 0),
('220724142926082022', 208, '220724142926', 'A', '2022-08-12', 2, 0),
('220824142239082022', 209, '220824142239', 'A', '2022-08-12', 2, 0),
('220724143228082022', 210, '220724143228', 'A', '2022-08-12', 2, 0),
('220724143338082022', 211, '220724143338', 'C', '2022-08-13', 2, 0),
('220724142642082022', 212, '220724142642', 'C', '2022-08-13', 2, 0),
('220724145750082022', 213, '220724145750', 'B', '2022-08-13', 2, 0),
('220724143039082022', 214, '220724143039', 'C', '2022-08-13', 2, 0),
('220724143228082022', 215, '220724143228', 'A', '2022-08-14', 0, 7),
('220724143104082022', 216, '220724143104', 'D', '2022-08-14', 0, 7),
('220724142926082022', 217, '220724142926', 'A', '2022-08-14', 0, 7),
('220724143449082022', 218, '220724143449', 'D', '2022-08-14', 0, 7),
('220724142746082022', 219, '220724142746', 'D', '2022-08-15', 2, 0),
('220724143008082022', 220, '220724143008', 'B', '2022-08-15', 3, 0),
('220824142239082022', 221, '220824142239', 'A', '2022-08-15', 2, 0),
('220724145750082022', 222, '220724145750', 'B', '2022-08-15', 3, 0),
('220724143338082022', 223, '220724143338', 'C', '2022-08-16', 3, 0),
('220824142406082022', 224, '220824142406', 'B', '2022-08-16', 2, 0),
('220724142642082022', 225, '220724142642', 'C', '2022-08-16', 2, 0),
('220724143338082022', 226, '220724143338', 'C', '2022-08-17', 0, 7),
('220724142642082022', 227, '220724142642', 'C', '2022-08-17', 0, 7),
('220724145750082022', 228, '220724145750', 'B', '2022-08-17', 0, 7),
('220724143039082022', 229, '220724143039', 'C', '2022-08-17', 0, 7),
('220724143228082022', 230, '220724143228', 'A', '2022-08-18', 3, 0),
('220724143104082022', 231, '220724143104', 'D', '2022-08-18', 2, 0),
('220724142746082022', 232, '220724142746', 'D', '2022-08-18', 3, 0),
('220824142239082022', 233, '220824142239', 'A', '2022-08-18', 2, 0),
('220724143008082022', 234, '220724143008', 'B', '2022-08-19', 2, 0),
('220724143338082022', 235, '220724143338', 'C', '2022-08-19', 2, 0),
('220724143104082022', 236, '220724143104', 'D', '2022-08-19', 2, 0),
('220824142406082022', 238, '220824142406', 'B', '2022-08-19', 2, 0),
('220724142926082022', 239, '220724142926', 'A', '2022-08-20', 2, 0),
('220724143008082022', 240, '220724143008', 'B', '2022-08-20', 2, 0),
('220824142239082022', 241, '220824142239', 'A', '2022-08-20', 2, 0),
('220724143449082022', 242, '220724143449', 'D', '2022-08-20', 2, 0),
('220724143008082022', 243, '220724143008', 'B', '2022-08-21', 0, 7),
('220824142406082022', 244, '220824142406', 'B', '2022-08-21', 0, 7),
('220824142239082022', 246, '220824142239', 'A', '2022-08-21', 0, 7),
('220724143039082022', 247, '220724143039', 'C', '2022-08-21', 0, 7),
('220724142746082022', 250, '220724142746', 'D', '2022-08-22', 2, 0),
('220724143008082022', 251, '220724143008', 'B', '2022-08-22', 2, 0),
('220724143104082022', 252, '220724143104', 'D', '2022-08-22', 2, 0),
('220724143338082022', 253, '220724143338', 'C', '2022-08-22', 2, 0),
('220724142642082022', 254, '220724142642', 'C', '2022-08-23', 2, 0),
('220724143008082022', 255, '220724143008', 'B', '2022-08-23', 2, 0),
('220724143449082022', 256, '220724143449', 'D', '2022-08-23', 2, 0),
('220724143104082022', 257, '220724143104', 'D', '2022-08-23', 2, 0),
('220724142746082022', 258, '220724142746', 'D', '2022-08-24', 2, 0),
('220724143008082022', 259, '220724143008', 'B', '2022-08-24', 2, 0),
('220724143104082022', 260, '220724143104', 'D', '2022-08-24', 2, 0),
('220724145750082022', 261, '220724145750', 'B', '2022-08-24', 2, 0),
('220824142406082022', 262, '220824142406', 'B', '2022-08-25', 2, 0),
('220724143449082022', 263, '220724143449', 'D', '2022-08-25', 2, 0),
('220724143104082022', 264, '220724143104', 'D', '2022-08-25', 2, 0),
('220724143008082022', 265, '220724143008', 'B', '2022-08-25', 2, 0),
('220724143008082022', 266, '220724143008', 'B', '2022-08-26', 2, 0),
('220724143039082022', 267, '220724143039', 'C', '2022-08-26', 2, 0),
('220724143338082022', 268, '220724143338', 'C', '2022-08-26', 2, 0),
('220724145750082022', 269, '220724145750', 'B', '2022-08-26', 2, 0),
('220724142642082022', 270, '220724142642', 'C', '2022-08-27', 2, 0),
('220724142746082022', 271, '220724142746', 'D', '2022-08-27', 2, 0),
('220724143039082022', 272, '220724143039', 'C', '2022-08-27', 2, 0),
('220724143338082022', 273, '220724143338', 'C', '2022-08-27', 2, 0),
('220724143039082022', 274, '220724143039', 'C', '2022-08-28', 0, 7),
('220724145750082022', 275, '220724145750', 'B', '2022-08-28', 0, 7),
('220724143338082022', 276, '220724143338', 'C', '2022-08-28', 0, 7),
('220824142406082022', 277, '220824142406', 'B', '2022-08-28', 0, 7),
('220824142239082022', 278, '220824142239', 'A', '2022-08-28', 0, 7);

-- --------------------------------------------------------

--
-- Table structure for table `user`
--

CREATE TABLE `user` (
  `id` varchar(12) NOT NULL,
  `lv` int(6) NOT NULL,
  `pw` varchar(30) NOT NULL,
  `nama` varchar(99) NOT NULL,
  `alamat` varchar(200) NOT NULL,
  `nom` varchar(20) NOT NULL,
  `email` varchar(30) NOT NULL,
  `tglmasuk` date NOT NULL,
  `plant` varchar(9) NOT NULL,
  `departeman` varchar(20) NOT NULL,
  `grub` varchar(20) NOT NULL,
  `naktual` int(11) NOT NULL,
  `nmatang` int(11) NOT NULL,
  `haktual` int(11) NOT NULL,
  `hmatang` int(11) NOT NULL,
  `kupon` int(11) NOT NULL
) ENGINE=InnoDB DEFAULT CHARSET=utf8mb4;

--
-- Dumping data for table `user`
--

INSERT INTO `user` (`id`, `lv`, `pw`, `nama`, `alamat`, `nom`, `email`, `tglmasuk`, `plant`, `departeman`, `grub`, `naktual`, `nmatang`, `haktual`, `hmatang`, `kupon`) VALUES
('220724142642', 1, 'u', 'mella', 'Cikupa', '082343452343', 'mella@gmail.com', '2022-07-24', 'A', 'TC', '4C', 0, 0, 0, 0, 0),
('220724142746', 1, 'u', 'Rendy', 'Cikupa', '08973943953', 'rendy@gmail.com', '2022-07-24', 'A', 'ATB', '4D', 0, 0, 0, 0, 0),
('220724142926', 1, 'u', 'Darusman', 'Jatiuwung', '08989934', 'darus@gmail.com', '2022-07-24', 'A', 'ATB', '4A', 0, 0, 0, 0, 0),
('220724143008', 1, 'u', 'Dera', 'Cibadak', '08973943953', 'dera@gmail.com', '2022-07-24', 'A', 'ATB', '4B', 0, 0, 0, 0, 0),
('220724143039', 1, 'u', 'Bianka', 'bianka@gmail.com', '082343452343', 'bianka@gmail.com', '2022-07-24', 'A', 'ATB', '4C', 0, 0, 0, 0, 0),
('220724143104', 1, 'u', 'Juan', 'Cibadak', '082343452343', 'juan@gmail.com', '2022-07-24', 'A', 'ATB', '4D', 0, 0, 0, 0, 0),
('220724143228', 1, 'u', 'Jika', 'Cikupa', '08422546456', 'jika@gmail.com', '2022-07-24', 'A', 'ATB', '4A', 0, 0, 0, 0, 0),
('220724143338', 1, 'u', 'Reman', 'Jakarta', '089789765456', 'reman@gmail.com', '2022-07-24', 'A', 'ATB', '4C', 0, 0, 0, 0, 0),
('220724143449', 1, 'u', 'Surya', 'Tangerang City', '08973943953', 'surya@gmail.com', '2022-07-24', 'A', 'ATB', '4D', 0, 0, 0, 0, 0),
('220724145750', 1, 'u', 'Dendi', 'Tangerang City', '08973943953', 'dendi@gmail.com', '2022-07-24', 'A', 'ATB', '4B', 0, 0, 0, 0, 0),
('220824142239', 1, 'u', 'Andika', 'jati', '08973943953', 'andika@gmail.com', '2022-07-24', 'A', 'ATB', '4A', 0, 0, 0, 0, 0),
('220824142406', 1, 'u', 'Rechmand M', 'Tangerang City', '08973943953', 'rachmand777@gmail.com', '2022-07-24', 'A', 'ATB', '4B', 0, 0, 0, 0, 0),
('220917092807', 1, 'u', 'Andika Pratama', 'Jakarta', '083453464534', 'andikapratama@gmail.com', '2022-09-17', 'A', 'TB', '4B', 0, 0, 0, 0, 0),
('220917103154', 2, 'u', 'Preman', 'jati', '', 'iseh$gmail.com', '2022-09-17', 'A', '-', '-', 0, 0, 0, 0, 0),
('admin', 3, 'u', 'Galih Rukmana', 'Cikupa Cisereh', '0823534534', 'galih@gmail.com', '2022-07-22', '-', '-', '', 0, 0, 0, 0, 0);

-- --------------------------------------------------------

--
-- Table structure for table `user_laporan`
--

CREATE TABLE `user_laporan` (
  `idlap` varchar(22) NOT NULL,
  `id` varchar(12) NOT NULL,
  `lv` int(6) NOT NULL,
  `nama` varchar(30) NOT NULL,
  `plant` varchar(11) NOT NULL,
  `departement` varchar(11) NOT NULL,
  `grub` varchar(11) NOT NULL,
  `naktual` int(7) NOT NULL,
  `nmatang` int(7) NOT NULL,
  `haktual` int(7) NOT NULL,
  `hmatang` int(7) NOT NULL,
  `kupon` int(11) NOT NULL,
  `bulan` varchar(20) NOT NULL,
  `tahun` int(11) NOT NULL
) ENGINE=InnoDB DEFAULT CHARSET=utf8mb4;

--
-- Dumping data for table `user_laporan`
--

INSERT INTO `user_laporan` (`idlap`, `id`, `lv`, `nama`, `plant`, `departement`, `grub`, `naktual`, `nmatang`, `haktual`, `hmatang`, `kupon`, `bulan`, `tahun`) VALUES
('220724142642072022', '220724142642', 1, 'mella', 'A', 'TC', '4C', 4, 0, 7, 0, 7, '07', 2022),
('220724142642082022', '220724142642', 1, 'mella', 'A', 'TC', '4C', 12, 0, 7, 0, 24, '08', 2022),
('220724142642092022', '220724142642', 1, 'mella', 'A', 'TC', '4C', 0, 0, 0, 0, 1, '09', 2022),
('220724142746072022', '220724142746', 1, 'Rendy', 'A', 'ATB', '4D', 2, 0, 7, 0, 6, '07', 2022),
('220724142746082022', '220724142746', 1, 'Rendy', 'A', 'ATB', '4D', 19, 0, 7, 0, 23, '08', 2022),
('220724142746092022', '220724142746', 1, 'Rendy', 'A', 'ATB', '4D', 0, 0, 0, 0, 1, '09', 2022),
('220724142926072022', '220724142926', 1, 'Darusman', 'A', 'ATB', '4A', 4, 0, 7, 0, 7, '07', 2022),
('220724142926082022', '220724142926', 1, 'Darusman', 'A', 'ATB', '4A', 10, 0, 7, 0, 23, '08', 2022),
('220724142926092022', '220724142926', 1, 'Darusman', 'A', 'ATB', '4A', 0, 0, 0, 0, 1, '09', 2022),
('220724143008072022', '220724143008', 1, 'Dera', 'A', 'ATB', '4B', 5, 0, 7, 0, 7, '07', 2022),
('220724143008082022', '220724143008', 1, 'Dera', 'A', 'ATB', '4B', 25, 0, 14, 0, 24, '08', 2022),
('220724143008092022', '220724143008', 1, 'Dera', 'A', 'ATB', '4B', 0, 0, 0, 0, 1, '09', 2022),
('220724143039072022', '220724143039', 1, 'Bianka', 'A', 'ATB', '4C', 4, 0, 0, 0, 6, '07', 2022),
('220724143039082022', '220724143039', 1, 'Bianka', 'A', 'ATB', '4C', 14, 0, 21, 0, 25, '08', 2022),
('220724143039092022', '220724143039', 1, 'Bianka', 'A', 'ATB', '4C', 0, 0, 0, 0, 1, '09', 2022),
('220724143104072022', '220724143104', 1, 'Juan', 'A', 'ATB', '4D', 4, 0, 7, 0, 7, '07', 2022),
('220724143104082022', '220724143104', 1, 'Juan', 'A', 'ATB', '4D', 20, 0, 7, 0, 23, '08', 2022),
('220724143104092022', '220724143104', 1, 'Juan', 'A', 'ATB', '4D', 0, 0, 0, 0, 1, '09', 2022),
('220724143228072022', '220724143228', 1, 'Jika', 'A', 'ATB', '4A', 4, 0, 0, 0, 6, '07', 2022),
('220724143228082022', '220724143228', 1, 'Jika', 'A', 'ATB', '4A', 11, 0, 7, 0, 23, '08', 2022),
('220724143228092022', '220724143228', 1, 'Jika', 'A', 'ATB', '4A', 0, 0, 0, 0, 1, '09', 2022),
('220724143338072022', '220724143338', 1, 'Reman', 'A', 'ATB', '4C', 5, 0, 7, 0, 7, '07', 2022),
('220724143338082022', '220724143338', 1, 'Reman', 'A', 'ATB', '4C', 17, 0, 14, 0, 24, '08', 2022),
('220724143338092022', '220724143338', 1, 'Reman', 'A', 'ATB', '4C', 0, 0, 0, 0, 1, '09', 2022),
('220724143449072022', '220724143449', 1, 'Surya', 'A', 'ATB', '4D', 3, 0, 7, 0, 6, '07', 2022),
('220724143449082022', '220724143449', 1, 'Surya', 'A', 'ATB', '4D', 16, 0, 7, 0, 22, '08', 2022),
('220724143449092022', '220724143449', 1, 'Surya', 'A', 'ATB', '4D', 0, 0, 0, 0, 1, '09', 2022),
('220724145750072022', '220724145750', 1, 'Dendi', 'A', 'ATB', '4B', 5, 0, 7, 0, 6, '07', 2022),
('220724145750082022', '220724145750', 1, 'Dendi', 'A', 'ATB', '4B', 15, 0, 14, 0, 24, '08', 2022),
('220724145750092022', '220724145750', 1, 'Dendi', 'A', 'ATB', '4B', 0, 0, 0, 0, 1, '09', 2022),
('220824142239072022', '220824142239', 1, 'Andika', 'A', 'ATB', '4A', 4, 0, 7, 0, 6, '07', 2022),
('220824142239082022', '220824142239', 1, 'Andika', 'A', 'ATB', '4A', 14, 0, 21, 0, 25, '08', 2022),
('220824142239092022', '220824142239', 1, 'Andika', 'A', 'ATB', '4A', 0, 0, 0, 0, 1, '09', 2022),
('220824142406072022', '220824142406', 1, 'Rechmand M', 'A', 'ATB', '4B', 2, 0, 7, 0, 7, '07', 2022),
('220824142406082022', '220824142406', 1, 'Rechmand M', 'A', 'ATB', '4B', 12, 0, 21, 0, 23, '08', 2022),
('220824142406092022', '220824142406', 1, 'Rechmand M', 'A', 'ATB', '4B', 0, 0, 0, 0, 1, '09', 2022),
('220917092807092022', '220917092807', 1, 'Andika Pratama', 'A', 'TB', '4B', 0, 0, 0, 0, 1, '09', 2022);

--
-- Indexes for dumped tables
--

--
-- Indexes for table `dataabsen`
--
ALTER TABLE `dataabsen`
  ADD PRIMARY KEY (`idabsen`);

--
-- Indexes for table `dataabsenbulanan`
--
ALTER TABLE `dataabsenbulanan`
  ADD PRIMARY KEY (`userku`);

--
-- Indexes for table `datalembur`
--
ALTER TABLE `datalembur`
  ADD PRIMARY KEY (`iddl`);

--
-- Indexes for table `user`
--
ALTER TABLE `user`
  ADD PRIMARY KEY (`id`);

--
-- Indexes for table `user_laporan`
--
ALTER TABLE `user_laporan`
  ADD PRIMARY KEY (`idlap`);

--
-- AUTO_INCREMENT for dumped tables
--

--
-- AUTO_INCREMENT for table `dataabsen`
--
ALTER TABLE `dataabsen`
  MODIFY `idabsen` int(255) NOT NULL AUTO_INCREMENT, AUTO_INCREMENT=56;

--
-- AUTO_INCREMENT for table `dataabsenbulanan`
--
ALTER TABLE `dataabsenbulanan`
  MODIFY `userku` int(11) NOT NULL AUTO_INCREMENT, AUTO_INCREMENT=37;

--
-- AUTO_INCREMENT for table `datalembur`
--
ALTER TABLE `datalembur`
  MODIFY `iddl` int(255) NOT NULL AUTO_INCREMENT, AUTO_INCREMENT=279;
COMMIT;

/*!40101 SET CHARACTER_SET_CLIENT=@OLD_CHARACTER_SET_CLIENT */;
/*!40101 SET CHARACTER_SET_RESULTS=@OLD_CHARACTER_SET_RESULTS */;
/*!40101 SET COLLATION_CONNECTION=@OLD_COLLATION_CONNECTION */;
